<eagle version="6.1"><drawing><settings><setting alwaysvectorfont="no" verticaltext="up"/></settings><grid distance="0.1" unitdist="inch" unit="inch" style="lines" multiple="1" display="no" altdistance="0.01" altunitdist="inch" altunit="inch"/><layers><layer number="91" name="Nets" color="2" fill="1" visible="yes" active="yes"/><layer number="92" name="Busses" color="1" fill="1" visible="yes" active="yes"/><layer number="93" name="Pins" color="2" fill="1" visible="no" active="yes"/><layer number="94" name="Symbols" color="4" fill="1" visible="yes" active="yes"/><layer number="95" name="Names" color="7" fill="1" visible="yes" active="yes"/><layer number="96" name="Values" color="7" fill="1" visible="yes" active="yes"/><layer number="97" name="Info" color="7" fill="1" visible="yes" active="yes"/><layer number="98" name="Guide" color="6" fill="1" visible="yes" active="yes"/></layers><schematic><libraries><library name="AcceleratedDesigns_Lib"><packages><package name="TSSOP20"><pad name="1" drill="0" y="2.925" x="-2.921"/><pad name="2" drill="0" y="2.275" x="-2.921"/><pad name="3" drill="0" y="1.625" x="-2.921"/><pad name="4" drill="0" y="0.975" x="-2.921"/><pad name="5" drill="0" y="0.325" x="-2.921"/><pad name="6" drill="0" y="-0.325" x="-2.921"/><pad name="7" drill="0" y="-0.975" x="-2.921"/><pad name="8" drill="0" y="-1.625" x="-2.921"/><pad name="9" drill="0" y="-2.275" x="-2.921"/><pad name="10" drill="0" y="-2.925" x="-2.921"/><pad name="11" drill="0" y="-2.925" x="2.921"/><pad name="12" drill="0" y="-2.275" x="2.921"/><pad name="13" drill="0" y="-1.625" x="2.921"/><pad name="14" drill="0" y="-0.975" x="2.921"/><pad name="15" drill="0" y="-0.325" x="2.921"/><pad name="16" drill="0" y="0.325" x="2.921"/><pad name="17" drill="0" y="0.975" x="2.921"/><pad name="18" drill="0" y="1.625" x="2.921"/><pad name="19" drill="0" y="2.275" x="2.921"/><pad name="20" drill="0" y="2.925" x="2.921"/></package><package name="TSSOP20-M"><pad name="1" drill="0" y="2.925" x="-2.9718"/><pad name="2" drill="0" y="2.275" x="-2.9718"/><pad name="3" drill="0" y="1.625" x="-2.9718"/><pad name="4" drill="0" y="0.975" x="-2.9718"/><pad name="5" drill="0" y="0.325" x="-2.9718"/><pad name="6" drill="0" y="-0.325" x="-2.9718"/><pad name="7" drill="0" y="-0.975" x="-2.9718"/><pad name="8" drill="0" y="-1.625" x="-2.9718"/><pad name="9" drill="0" y="-2.275" x="-2.9718"/><pad name="10" drill="0" y="-2.925" x="-2.9718"/><pad name="11" drill="0" y="-2.925" x="2.9718"/><pad name="12" drill="0" y="-2.275" x="2.9718"/><pad name="13" drill="0" y="-1.625" x="2.9718"/><pad name="14" drill="0" y="-0.975" x="2.9718"/><pad name="15" drill="0" y="-0.325" x="2.9718"/><pad name="16" drill="0" y="0.325" x="2.9718"/><pad name="17" drill="0" y="0.975" x="2.9718"/><pad name="18" drill="0" y="1.625" x="2.9718"/><pad name="19" drill="0" y="2.275" x="2.9718"/><pad name="20" drill="0" y="2.925" x="2.9718"/></package><package name="TSSOP20-L"><pad name="1" drill="0" y="2.925" x="-2.8702"/><pad name="2" drill="0" y="2.275" x="-2.8702"/><pad name="3" drill="0" y="1.625" x="-2.8702"/><pad name="4" drill="0" y="0.975" x="-2.8702"/><pad name="5" drill="0" y="0.325" x="-2.8702"/><pad name="6" drill="0" y="-0.325" x="-2.8702"/><pad name="7" drill="0" y="-0.975" x="-2.8702"/><pad name="8" drill="0" y="-1.625" x="-2.8702"/><pad name="9" drill="0" y="-2.275" x="-2.8702"/><pad name="10" drill="0" y="-2.925" x="-2.8702"/><pad name="11" drill="0" y="-2.925" x="2.8702"/><pad name="12" drill="0" y="-2.275" x="2.8702"/><pad name="13" drill="0" y="-1.625" x="2.8702"/><pad name="14" drill="0" y="-0.975" x="2.8702"/><pad name="15" drill="0" y="-0.325" x="2.8702"/><pad name="16" drill="0" y="0.325" x="2.8702"/><pad name="17" drill="0" y="0.975" x="2.8702"/><pad name="18" drill="0" y="1.625" x="2.8702"/><pad name="19" drill="0" y="2.275" x="2.8702"/><pad name="20" drill="0" y="2.925" x="2.8702"/></package></packages><symbols><symbol name="STM32L011FxP2@1"><pin name="PB9-BOOT0@1" x="0" y="0" rot="MR180" direction="in" length="long" visible="both" swaplevel="0"/><pin name="PC14-OSC32_IN@2" x="0" y="-2.54" rot="MR180" direction="io" length="long" visible="both" swaplevel="0"/><pin name="PC15-OSC32_OUT@3" x="0" y="-5.08" rot="MR180" direction="io" length="long" visible="both" swaplevel="0"/><pin name="NRST@4" x="0" y="-7.62" rot="MR180" direction="io" length="long" visible="both" swaplevel="0"/><pin name="VDDA@5" x="0" y="-10.16" rot="MR180" direction="pwr" length="long" visible="both" swaplevel="0"/><pin name="PA0-CK_IN@6" x="0" y="-12.7" rot="MR180" direction="io" length="long" visible="both" swaplevel="0"/><pin name="PA1@7" x="0" y="-15.24" rot="MR180" direction="io" length="long" visible="both" swaplevel="0"/><pin name="PA2@8" x="0" y="-17.78" rot="MR180" direction="io" length="long" visible="both" swaplevel="0"/><pin name="PA3@9" x="0" y="-20.32" rot="MR180" direction="io" length="long" visible="both" swaplevel="0"/><pin name="PA4@10" x="0" y="-22.86" rot="MR180" direction="io" length="long" visible="both" swaplevel="0"/><pin name="PA5@11" x="60.96" y="-22.86" rot="MR0" direction="io" length="long" visible="both" swaplevel="0"/><pin name="PA6@12" x="60.96" y="-20.32" rot="MR0" direction="io" length="long" visible="both" swaplevel="0"/><pin name="PA7@13" x="60.96" y="-17.78" rot="MR0" direction="io" length="long" visible="both" swaplevel="0"/><pin name="PB1@14" x="60.96" y="-15.24" rot="MR0" direction="io" length="long" visible="both" swaplevel="0"/><pin name="VSS@15" x="60.96" y="-12.7" rot="MR0" direction="pwr" length="long" visible="both" swaplevel="0"/><pin name="VDD@16" x="60.96" y="-10.16" rot="MR0" direction="pwr" length="long" visible="both" swaplevel="0"/><pin name="PA9@17" x="60.96" y="-7.62" rot="MR0" direction="io" length="long" visible="both" swaplevel="0"/><pin name="PA10@18" x="60.96" y="-5.08" rot="MR0" direction="io" length="long" visible="both" swaplevel="0"/><pin name="PA13@19" x="60.96" y="-2.54" rot="MR0" direction="io" length="long" visible="both" swaplevel="0"/><pin name="PA14@20" x="60.96" y="0" rot="MR0" direction="io" length="long" visible="both" swaplevel="0"/><wire x1="7.62" y1="5.08" x2="7.62" y2="-27.94" width="0.127" layer="94"/><wire x1="7.62" y1="-27.94" x2="53.34" y2="-27.94" width="0.127" layer="94"/><wire x1="53.34" y1="-27.94" x2="53.34" y2="5.08" width="0.127" layer="94"/><wire x1="53.34" y1="5.08" x2="7.62" y2="5.08" width="0.127" layer="94"/><text size="2" x="30.48" y="10.16" layer="95" align="center">&gt;NAME</text><text size="2" x="30.48" y="7.62" layer="96" align="center">&gt;VALUE</text></symbol></symbols><devicesets><deviceset name="STM32L011FxP2" prefix="U"><gates><gate name="1" addlevel="always" y="0" x="0" symbol="STM32L011FxP2@1"/></gates><devices><device name="STM32L011FxP2" package="TSSOP20"><connects><connect pad="1" pin="PB9-BOOT0@1" gate="1"/><connect pad="2" pin="PC14-OSC32_IN@2" gate="1"/><connect pad="3" pin="PC15-OSC32_OUT@3" gate="1"/><connect pad="4" pin="NRST@4" gate="1"/><connect pad="5" pin="VDDA@5" gate="1"/><connect pad="6" pin="PA0-CK_IN@6" gate="1"/><connect pad="7" pin="PA1@7" gate="1"/><connect pad="8" pin="PA2@8" gate="1"/><connect pad="9" pin="PA3@9" gate="1"/><connect pad="10" pin="PA4@10" gate="1"/><connect pad="11" pin="PA5@11" gate="1"/><connect pad="12" pin="PA6@12" gate="1"/><connect pad="13" pin="PA7@13" gate="1"/><connect pad="14" pin="PB1@14" gate="1"/><connect pad="15" pin="VSS@15" gate="1"/><connect pad="16" pin="VDD@16" gate="1"/><connect pad="17" pin="PA9@17" gate="1"/><connect pad="18" pin="PA10@18" gate="1"/><connect pad="19" pin="PA13@19" gate="1"/><connect pad="20" pin="PA14@20" gate="1"/></connects><technologies><technology name=""><attribute name="Manufacturer_Part_Number" value="STM32L011FxP2" constant="no"/><attribute name="Vendor" value="STMicroelectronics" constant="no"/></technology></technologies></device></devices></deviceset></devicesets></library></libraries><attributes/><variantdefs/><classes><class number="0" name="default" width="0" drill="0"/></classes><parts/><sheets/></schematic></drawing></eagle>
